AMALIV,589877
AMALIV,589877
AMALIV,589877
AMALIV,589877
AMALIV,589877
AMALIV,589877
AMALIV,589877
AMALIV,589877
AMALIV,589877
AMALIV,589877
AMALIV,589877
AMALIV,589877
AMALIV,589877
AMALIV,589877
HARRAS,441223
HARRAS,441223
HARRAS,441223
HARRAS,441223
HARRAS,441223
HARRAS,441223
HARRAS,441223
HARRAS,441223
HARRAS,441223
HARRAS,441223
HARRAS,441199
HARRAS,441213
HARRAS,441213
HARRAS,441213
HARRAS,441212
HARRAS,441212
HARRAS,441212
HARRAS,441212
HARRAS,441211
HARRAS,441211
HARRAS,441211
HARRAS,441211
HARRAS,441211
HARRAS,441211
HARRAS,441211
HARRAS,441211
HARRAS,441211
HARRAS,441211
HARRAS,441211
HARRAS,441211
HARRAS,441211
HARRAS,441211
HARRAS,441211
HARRAS,441211
HARRAS,441211
HARRAS,441211
HARRAS,441211
HARRAS,441211
HARRAS,441211
HARRAS,441211
HARRAS,441211
HARRAS,441211
HARRAS,441867
HARRAS,441867
HARRAS,441867
HARRAS,441867
HARRAS,441867
HARRAS,441867
HARRAS,441867
HARRAS,441867
HARRAS,441867
HARRAS,441867
HARRAS,441867
HARRAS,441867
HARRAS,441867
HARRAS,441867
HARRAS,441867
HARRAS,441867
HARRAS,441867
HARRAS,441867
HARRAS,441867
HARRAS,441867
HARRAS,441867
HARRAS,441867
HARRAS,441867
HARRAS,441867
HARRAS,441867
HARRAS,441867
HARRAS,441867
HARRAS,441867
HARRAS,441867
HARRAS,441867
HARRAS,441867
HARRAS,441867
HARRAS,441867
HARRAS,441867
HARRAS,441867
HARRAS,441867
HARRAS,441866
HARRAS,441866
HARRAS,441866
HARRAS,441866
HARRAS,441866
HARRAS,441866
HARRAS,441866
HARRAS,441866
